<annotation>
	<folder>images</folder>
	<filename>videoplayback4013.jpg</filename>
	<path>/Users/zengm71/Documents/Berkeley/W251/michael_zeng_w251_hw/hw08/MIDS_HW8/images/videoplayback4013.jpg</path>
	<source>
		<database>Unknown</database>
	</source>
	<size>
		<width>1000</width>
		<height>563</height>
		<depth>3</depth>
	</size>
	<segmented>0</segmented>
	<object>
		<name>the Millennium Falcon</name>
		<pose>Unspecified</pose>
		<truncated>0</truncated>
		<difficult>0</difficult>
		<bndbox>
			<xmin>395</xmin>
			<ymin>244</ymin>
			<xmax>636</xmax>
			<ymax>403</ymax>
		</bndbox>
	</object>
	<object>
		<name>Tie Fighter</name>
		<pose>Unspecified</pose>
		<truncated>0</truncated>
		<difficult>0</difficult>
		<bndbox>
			<xmin>549</xmin>
			<ymin>356</ymin>
			<xmax>619</xmax>
			<ymax>439</ymax>
		</bndbox>
	</object>
	<object>
		<name>Tie Fighter</name>
		<pose>Unspecified</pose>
		<truncated>0</truncated>
		<difficult>0</difficult>
		<bndbox>
			<xmin>515</xmin>
			<ymin>346</ymin>
			<xmax>581</xmax>
			<ymax>414</ymax>
		</bndbox>
	</object>
</annotation>
