<annotation>
	<folder>images</folder>
	<filename>videoplayback1820.jpg</filename>
	<path>/Users/zengm71/Documents/Berkeley/W251/michael_zeng_w251_hw/hw08/MIDS_HW8/images/videoplayback1820.jpg</path>
	<source>
		<database>Unknown</database>
	</source>
	<size>
		<width>1000</width>
		<height>563</height>
		<depth>3</depth>
	</size>
	<segmented>0</segmented>
	<object>
		<name>Tie Fighter</name>
		<pose>Unspecified</pose>
		<truncated>0</truncated>
		<difficult>0</difficult>
		<bndbox>
			<xmin>227</xmin>
			<ymin>140</ymin>
			<xmax>278</xmax>
			<ymax>195</ymax>
		</bndbox>
	</object>
	<object>
		<name>Tie Fighter</name>
		<pose>Unspecified</pose>
		<truncated>0</truncated>
		<difficult>0</difficult>
		<bndbox>
			<xmin>278</xmin>
			<ymin>199</ymin>
			<xmax>306</xmax>
			<ymax>224</ymax>
		</bndbox>
	</object>
	<object>
		<name>the Millennium Falcon</name>
		<pose>Unspecified</pose>
		<truncated>0</truncated>
		<difficult>0</difficult>
		<bndbox>
			<xmin>56</xmin>
			<ymin>228</ymin>
			<xmax>810</xmax>
			<ymax>425</ymax>
		</bndbox>
	</object>
</annotation>
