<annotation>
	<folder>images</folder>
	<filename>videoplayback3458.jpg</filename>
	<path>/Users/zengm71/Documents/Berkeley/W251/michael_zeng_w251_hw/hw08/MIDS_HW8/images/videoplayback3458.jpg</path>
	<source>
		<database>Unknown</database>
	</source>
	<size>
		<width>1000</width>
		<height>563</height>
		<depth>3</depth>
	</size>
	<segmented>0</segmented>
	<object>
		<name>Tie Fighter</name>
		<pose>Unspecified</pose>
		<truncated>0</truncated>
		<difficult>0</difficult>
		<bndbox>
			<xmin>281</xmin>
			<ymin>185</ymin>
			<xmax>413</xmax>
			<ymax>335</ymax>
		</bndbox>
	</object>
	<object>
		<name>Tie Fighter</name>
		<pose>Unspecified</pose>
		<truncated>1</truncated>
		<difficult>0</difficult>
		<bndbox>
			<xmin>707</xmin>
			<ymin>210</ymin>
			<xmax>1000</xmax>
			<ymax>490</ymax>
		</bndbox>
	</object>
	<object>
		<name>the Millennium Falcon</name>
		<pose>Unspecified</pose>
		<truncated>0</truncated>
		<difficult>0</difficult>
		<bndbox>
			<xmin>337</xmin>
			<ymin>206</ymin>
			<xmax>476</xmax>
			<ymax>273</ymax>
		</bndbox>
	</object>
</annotation>
