<annotation>
	<folder>images</folder>
	<filename>videoplayback4312.jpg</filename>
	<path>/Users/zengm71/Documents/Berkeley/W251/michael_zeng_w251_hw/hw08/MIDS_HW8/images/videoplayback4312.jpg</path>
	<source>
		<database>Unknown</database>
	</source>
	<size>
		<width>1000</width>
		<height>563</height>
		<depth>3</depth>
	</size>
	<segmented>0</segmented>
	<object>
		<name>the Millennium Falcon</name>
		<pose>Unspecified</pose>
		<truncated>0</truncated>
		<difficult>0</difficult>
		<bndbox>
			<xmin>393</xmin>
			<ymin>268</ymin>
			<xmax>459</xmax>
			<ymax>293</ymax>
		</bndbox>
	</object>
	<object>
		<name>Tie Fighter</name>
		<pose>Unspecified</pose>
		<truncated>0</truncated>
		<difficult>0</difficult>
		<bndbox>
			<xmin>437</xmin>
			<ymin>212</ymin>
			<xmax>508</xmax>
			<ymax>286</ymax>
		</bndbox>
	</object>
	<object>
		<name>Tie Fighter</name>
		<pose>Unspecified</pose>
		<truncated>0</truncated>
		<difficult>0</difficult>
		<bndbox>
			<xmin>586</xmin>
			<ymin>111</ymin>
			<xmax>857</xmax>
			<ymax>393</ymax>
		</bndbox>
	</object>
</annotation>
