<annotation>
	<folder>images</folder>
	<filename>videoplayback0090.jpg</filename>
	<path>/Users/zengm71/Documents/Berkeley/W251/michael_zeng_w251_hw/hw08/MIDS_HW8/images/videoplayback0090.jpg</path>
	<source>
		<database>Unknown</database>
	</source>
	<size>
		<width>1000</width>
		<height>563</height>
		<depth>3</depth>
	</size>
	<segmented>0</segmented>
	<object>
		<name>Tie Fighter</name>
		<pose>Unspecified</pose>
		<truncated>0</truncated>
		<difficult>0</difficult>
		<bndbox>
			<xmin>15</xmin>
			<ymin>203</ymin>
			<xmax>25</xmax>
			<ymax>213</ymax>
		</bndbox>
	</object>
	<object>
		<name>Tie Fighter</name>
		<pose>Unspecified</pose>
		<truncated>0</truncated>
		<difficult>0</difficult>
		<bndbox>
			<xmin>67</xmin>
			<ymin>254</ymin>
			<xmax>80</xmax>
			<ymax>267</ymax>
		</bndbox>
	</object>
	<object>
		<name>Tie Fighter</name>
		<pose>Unspecified</pose>
		<truncated>0</truncated>
		<difficult>0</difficult>
		<bndbox>
			<xmin>93</xmin>
			<ymin>278</ymin>
			<xmax>107</xmax>
			<ymax>290</ymax>
		</bndbox>
	</object>
	<object>
		<name>Tie Fighter</name>
		<pose>Unspecified</pose>
		<truncated>0</truncated>
		<difficult>0</difficult>
		<bndbox>
			<xmin>668</xmin>
			<ymin>190</ymin>
			<xmax>677</xmax>
			<ymax>199</ymax>
		</bndbox>
	</object>
</annotation>
